{
	"bar": [{
		"time": "2012-10-26T18:30:00.000Z",
		"open": 125,
		"close": 134,
		"high": 134,
		"low": 123,
		"volume": 316,
		"value": 113
	}, {
		"time": "2012-10-27T18:30:00.000Z",
		"open": 104,
		"close": 105,
		"high": 105,
		"low": 100,
		"volume": 1049,
		"value": 117
	}, {
		"time": "2012-10-28T18:30:00.000Z",
		"open": 118,
		"close": 124,
		"high": 125,
		"low": 117,
		"volume": 584,
		"value": 118
	}, {
		"time": "2012-10-29T18:30:00.000Z",
		"open": 103,
		"close": 106,
		"high": 107,
		"low": 98,
		"volume": 305,
		"value": 117
	}, {
		"time": "2012-10-30T18:30:00.000Z",
		"open": 113,
		"close": 117,
		"high": 119,
		"low": 108,
		"volume": 496,
		"value": 126
	}, {
		"time": "2012-10-31T18:30:00.000Z",
		"open": 115,
		"close": 123,
		"high": 124,
		"low": 112,
		"volume": 585,
		"value": 125
	}, {
		"time": "2012-11-01T18:30:00.000Z",
		"open": 105,
		"close": 110,
		"high": 111,
		"low": 102,
		"volume": 741,
		"value": 127
	}, {
		"time": "2012-11-02T18:30:00.000Z",
		"open": 116,
		"close": 118,
		"high": 119,
		"low": 113,
		"volume": 796,
		"value": 110
	}, {
		"time": "2012-11-03T18:30:00.000Z",
		"open": 122,
		"close": 124,
		"high": 126,
		"low": 119,
		"volume": 132,
		"value": 118
	}, {
		"time": "2012-11-04T18:30:00.000Z",
		"open": 113,
		"close": 121,
		"high": 121,
		"low": 108,
		"volume": 110,
		"value": 130
	}, {
		"time": "2012-11-05T18:30:00.000Z",
		"open": 110,
		"close": 114,
		"high": 118,
		"low": 109,
		"volume": 238,
		"value": 116
	}, {
		"time": "2012-11-06T18:30:00.000Z",
		"open": 115,
		"close": 118,
		"high": 120,
		"low": 114,
		"volume": 831,
		"value": 108
	}, {
		"time": "2012-11-07T18:30:00.000Z",
		"open": 109,
		"close": 104,
		"high": 113,
		"low": 104,
		"volume": 641,
		"value": 113
	}, {
		"time": "2012-11-08T18:30:00.000Z",
		"open": 118,
		"close": 126,
		"high": 129,
		"low": 118,
		"volume": 287,
		"value": 116
	}, {
		"time": "2012-11-09T18:30:00.000Z",
		"open": 122,
		"close": 127,
		"high": 132,
		"low": 120,
		"volume": 1095,
		"value": 113
	}, {
		"time": "2012-11-10T18:30:00.000Z",
		"open": 104,
		"close": 101,
		"high": 105,
		"low": 99,
		"volume": 435,
		"value": 124
	}, {
		"time": "2012-11-11T18:30:00.000Z",
		"open": 109,
		"close": 123,
		"high": 127,
		"low": 108,
		"volume": 886,
		"value": 103
	}, {
		"time": "2012-11-12T18:30:00.000Z",
		"open": 116,
		"close": 128,
		"high": 128,
		"low": 114,
		"volume": 470,
		"value": 117
	}, {
		"time": "2012-11-13T18:30:00.000Z",
		"open": 109,
		"close": 110,
		"high": 110,
		"low": 108,
		"volume": 267,
		"value": 119
	}, {
		"time": "2012-11-14T18:30:00.000Z",
		"open": 116,
		"close": 125,
		"high": 127,
		"low": 112,
		"volume": 508,
		"value": 129
	}, {
		"time": "2012-11-15T18:30:00.000Z",
		"open": 119,
		"close": 132,
		"high": 135,
		"low": 116,
		"volume": 1025,
		"value": 121
	}, {
		"time": "2012-11-16T18:30:00.000Z",
		"open": 100,
		"close": 100,
		"high": 101,
		"low": 97,
		"volume": 1092,
		"value": 125
	}, {
		"time": "2012-11-17T18:30:00.000Z",
		"open": 113,
		"close": 119,
		"high": 120,
		"low": 112,
		"volume": 303,
		"value": 102
	}, {
		"time": "2012-11-18T18:30:00.000Z",
		"open": 106,
		"close": 109,
		"high": 110,
		"low": 102,
		"volume": 716,
		"value": 112
	}, {
		"time": "2012-11-19T18:30:00.000Z",
		"open": 113,
		"close": 114,
		"high": 119,
		"low": 113,
		"volume": 860,
		"value": 110
	}, {
		"time": "2012-11-20T18:30:00.000Z",
		"open": 119,
		"close": 125,
		"high": 125,
		"low": 119,
		"volume": 206,
		"value": 111
	}, {
		"time": "2012-11-21T18:30:00.000Z",
		"open": 129,
		"close": 127,
		"high": 134,
		"low": 125,
		"volume": 975,
		"value": 116
	}, {
		"time": "2012-11-22T18:30:00.000Z",
		"open": 117,
		"close": 119,
		"high": 122,
		"low": 114,
		"volume": 184,
		"value": 124
	}, {
		"time": "2012-11-23T18:30:00.000Z",
		"open": 100,
		"close": 108,
		"high": 108,
		"low": 99,
		"volume": 502,
		"value": 127
	}, {
		"time": "2012-11-24T18:30:00.000Z",
		"open": 126,
		"close": 135,
		"high": 135,
		"low": 122,
		"volume": 1104,
		"value": 102
	}, {
		"time": "2012-11-25T18:30:00.000Z",
		"open": 128,
		"close": 128,
		"high": 130,
		"low": 126,
		"volume": 390,
		"value": 122
	}],
	"meta": {
		"noData": false,
		"nextTime": "unix time"
	}
}